timestamp,robot_id,velocity,battery,temperature
2026-09-03T14:00:00.016Z,amr-01,0.927,95.9,31.2
2026-09-03T14:00:00.026Z,amr-02,1.366,57.7,34.1
2026-09-03T14:00:00.001Z,amr-03,1.048,87.8,36.3
2026-09-03T14:00:01.021Z,amr-01,0.836,95.7,31.1
2026-09-03T14:00:01.031Z,amr-02,1.586,57.3,34.0
2026-09-03T14:00:01.048Z,amr-03,1.384,87.6,36.7
2026-09-03T14:00:02.007Z,amr-01,0.895,95.5,31.2
2026-09-03T14:00:02.009Z,amr-02,1.213,57.0,33.9
2026-09-03T14:00:02.027Z,amr-03,1.149,87.5,37.0
2026-09-03T14:00:03.034Z,amr-01,0.683,95.4,31.3
2026-09-03T14:00:03.022Z,amr-02,1.318,56.6,34.2
2026-09-03T14:00:03.012Z,amr-03,0.937,87.3,37.2
2026-09-03T14:00:04.036Z,amr-01,0.701,95.3,31.8
2026-09-03T14:00:04.020Z,amr-02,1.404,56.3,34.1
2026-09-03T14:00:04.001Z,amr-03,0.975,87.1,37.2
2026-09-03T14:00:05.043Z,amr-01,0.710,95.2,32.1
2026-09-03T14:00:05.028Z,amr-02,1.124,55.9,34.2
2026-09-03T14:00:05.023Z,amr-03,1.073,86.9,37.4
2026-09-03T14:00:06.032Z,amr-01,1.078,95.0,32.1
2026-09-03T14:00:06.019Z,amr-02,1.384,55.6,34.2
2026-09-03T14:00:06.008Z,amr-03,1.139,86.7,37.7
2026-09-03T14:00:07.006Z,amr-01,0.802,94.8,32.3
2026-09-03T14:00:07.004Z,amr-02,1.220,55.2,34.3
2026-09-03T14:00:07.040Z,amr-03,1.180,86.5,37.9
2026-09-03T14:00:08.017Z,amr-01,1.082,94.7,32.0
2026-09-03T14:00:08.008Z,amr-02,1.412,54.9,34.5
2026-09-03T14:00:08.029Z,amr-03,1.099,86.4,38.2
2026-09-03T14:00:09.018Z,amr-01,0.461,94.6,31.7
2026-09-03T14:00:09.025Z,amr-02,1.233,54.6,34.3
2026-09-03T14:00:09.044Z,amr-03,1.157,86.2,38.1
2026-09-03T14:00:10.019Z,amr-01,0.744,94.4,31.8
2026-09-03T14:00:10.003Z,amr-02,1.494,54.3,34.3
2026-09-03T14:00:10.017Z,amr-03,1.103,86.0,38.4
2026-09-03T14:00:11.005Z,amr-01,0.778,94.3,31.8
2026-09-03T14:00:11.030Z,amr-02,1.468,53.9,34.5
2026-09-03T14:00:11.018Z,amr-03,1.309,85.8,38.9
2026-09-03T14:00:12.023Z,amr-01,0.737,94.1,31.8
2026-09-03T14:00:12.017Z,amr-02,nan,53.6,34.9
2026-09-03T14:00:12.001Z,amr-03,1.275,85.6,39.2
2026-09-03T14:00:13.027Z,amr-01,0.981,93.9,31.8
2026-09-03T14:00:13.043Z,amr-02,1.361,53.3,34.7
2026-09-03T14:00:13.008Z,amr-03,1.125,85.4,39.2
2026-09-03T14:00:14.016Z,amr-01,0.846,93.8,32.2
2026-09-03T14:00:14.042Z,amr-02,1.496,52.9,34.4
2026-09-03T14:00:14.011Z,amr-03,0.960,85.2,39.5
2026-09-03T14:00:15.001Z,amr-01,0.779,93.6,32.3
2026-09-03T14:00:15.047Z,amr-02,1.066,52.6,34.6
2026-09-03T14:00:15.047Z,amr-03,1.030,85.1,39.8
2026-09-03T14:00:16.009Z,amr-01,0.859,93.4,32.6
2026-09-03T14:00:16.042Z,amr-02,1.184,52.2,34.6
2026-09-03T14:00:16.004Z,amr-03,0.925,84.9,39.8
2026-09-03T14:00:17.037Z,amr-01,0.707,93.3,32.6
2026-09-03T14:00:17.016Z,amr-02,1.526,51.9,34.1
2026-09-03T14:00:17.020Z,amr-03,1.328,84.7,39.9
2026-09-03T14:00:18.006Z,amr-01,0.989,93.1,33.0
2026-09-03T14:00:18.007Z,amr-02,1.594,51.5,33.7
2026-09-03T14:00:18.017Z,amr-03,1.024,84.6,40.2
2026-09-03T14:00:19.048Z,amr-01,0.692,93.0,32.8
2026-09-03T14:00:19.021Z,amr-02,1.594,51.1,33.4
2026-09-03T14:00:19.012Z,amr-03,1.070,84.4,40.6
2026-09-03T14:00:20.012Z,amr-01,0.731,92.8,32.8
2026-09-03T14:00:20.017Z,amr-02,1.208,50.7,33.5
2026-09-03T14:00:20.021Z,amr-03,1.254,84.2,40.8
2026-09-03T14:00:21.026Z,amr-01,0.960,92.7,32.8
2026-09-03T14:00:21.000Z,amr-02,1.428,50.4,33.4
2026-09-03T14:00:21.036Z,amr-03,0.975,84.0,41.0
2026-09-03T14:00:22.027Z,amr-01,0.815,92.5,32.7
2026-09-03T14:00:22.012Z,amr-02,1.357,50.0,33.7
2026-09-03T14:00:22.028Z,amr-03,1.121,83.8,40.8
2026-09-03T14:00:23.030Z,amr-01,0.620,92.4,32.7
2026-09-03T14:00:23.022Z,amr-02,1.233,49.7,33.7
2026-09-03T14:00:23.034Z,amr-03,1.356,83.6,40.8
2026-09-03T14:00:24.027Z,amr-01,1.069,92.2,32.6
2026-09-03T14:00:24.006Z,amr-02,1.346,49.4,33.7
2026-09-03T14:00:24.003Z,amr-03,0.973,83.4,40.8
2026-09-03T14:00:25.007Z,amr-01,0.753,92.1,32.3
2026-09-03T14:00:25.044Z,amr-02,1.503,48.9,33.7
2026-09-03T14:00:25.019Z,amr-03,0.647,83.3,41.1
2026-09-03T14:00:26.008Z,amr-01,0.636,92.0,32.4
2026-09-03T14:00:26.009Z,amr-02,1.300,48.7,34.0
2026-09-03T14:00:26.027Z,amr-03,1.073,83.1,41.4
2026-09-03T14:00:27.031Z,amr-01,0.745,91.8,32.3
2026-09-03T14:00:27.039Z,amr-02,1.469,48.3,34.0
2026-09-03T14:00:27.001Z,amr-03,1.122,83.0,41.5
2026-09-03T14:00:28.021Z,amr-01,1.035,91.7,32.1
2026-09-03T14:00:28.007Z,amr-02,1.570,47.9,33.9
2026-09-03T14:00:28.004Z,amr-03,1.314,82.8,41.9
2026-09-03T14:00:29.003Z,amr-01,0.997,91.5,32.0
2026-09-03T14:00:29.004Z,amr-02,1.434,47.5,33.9
2026-09-03T14:00:29.022Z,amr-03,0.999,82.6,42.4
2026-09-03T14:00:30.013Z,amr-01,0.926,91.3,32.2
2026-09-03T14:00:30.005Z,amr-02,1.425,47.2,34.0
2026-09-03T14:00:30.015Z,amr-03,1.014,82.4,43.0
2026-09-03T14:00:31.025Z,amr-01,0.861,91.2,32.4
2026-09-03T14:00:31.012Z,amr-02,1.643,46.8,34.0
2026-09-03T14:00:31.009Z,amr-03,0.754,,43.4
2026-09-03T14:00:32.040Z,amr-01,0.640,91.1,32.5
2026-09-03T14:00:32.019Z,amr-02,1.171,46.4,34.0
2026-09-03T14:00:32.017Z,amr-03,1.216,82.1,43.4
2026-09-03T14:00:33.020Z,amr-01,0.771,90.9,32.5
2026-09-03T14:00:33.003Z,amr-02,1.393,46.1,33.9
2026-09-03T14:00:33.004Z,amr-03,1.265,81.9,43.3
2026-09-03T14:00:34.014Z,amr-01,0.806,90.8,32.7
2026-09-03T14:00:34.007Z,amr-02,1.289,45.7,33.9
2026-09-03T14:00:34.048Z,amr-03,0.993,81.7,43.6
2026-09-03T14:00:35.015Z,amr-01,0.796,90.6,32.7
2026-09-03T14:00:35.023Z,amr-02,1.300,45.4,34.0
2026-09-03T14:00:35.000Z,amr-03,1.094,81.5,43.9
2026-09-03T14:00:36.002Z,amr-01,0.926,90.5,32.7
2026-09-03T14:00:36.029Z,amr-02,1.154,45.1,33.9
2026-09-03T14:00:36.035Z,amr-03,1.208,81.3,44.1
2026-09-03T14:00:37.049Z,amr-01,0.942,90.3,32.9
2026-09-03T14:00:37.002Z,amr-02,1.562,44.7,33.6
2026-09-03T14:00:37.036Z,amr-03,1.131,81.1,44.3
2026-09-03T14:00:38.025Z,amr-01,0.938,90.1,32.6
2026-09-03T14:00:38.029Z,amr-02,1.578,44.3,33.4
2026-09-03T14:00:38.011Z,amr-03,1.179,81.0,44.6
2026-09-03T14:00:39.005Z,amr-01,0.898,90.0,32.4
2026-09-03T14:00:39.031Z,amr-02,1.327,44.0,33.2
2026-09-03T14:00:39.039Z,amr-03,1.098,80.8,44.6
2026-09-03T14:00:40.032Z,amr-01,0.000,89.9,32.5
2026-09-03T14:00:40.003Z,amr-02,1.376,43.7,33.5
2026-09-03T14:00:40.036Z,amr-03,1.273,80.6,44.9
2026-09-03T14:00:41.023Z,amr-01,0.000,89.9,32.1
2026-09-03T14:00:41.032Z,amr-02,1.475,43.3,33.6
2026-09-03T14:00:41.037Z,amr-03,1.035,80.4,45.4
2026-09-03T14:00:42.003Z,amr-01,0.000,89.8,32.4
2026-09-03T14:00:42.033Z,amr-02,1.354,43.0,33.9
2026-09-03T14:00:42.023Z,amr-03,1.334,80.2,46.0
2026-09-03T14:00:43.048Z,amr-01,0.000,89.8,32.3
2026-09-03T14:00:43.040Z,amr-02,1.561,42.6,33.8
2026-09-03T14:00:43.010Z,amr-03,1.197,80.0,46.2
2026-09-03T14:00:44.007Z,amr-01,0.000,89.7,32.2
2026-09-03T14:00:44.041Z,amr-02,1.087,42.3,33.8
2026-09-03T14:00:44.011Z,amr-03,1.239,79.9,46.4
2026-09-03T14:00:45.000Z,amr-01,0.000,89.7,32.2
2026-09-03T14:00:45.007Z,amr-02,1.327,42.0,34.0
2026-09-03T14:00:45.000Z,amr-03,1.101,79.7,46.3
2026-09-03T14:00:46.046Z,amr-01,0.000,89.6,31.7
2026-09-03T14:00:46.018Z,amr-02,0.970,41.7,34.4
2026-09-03T14:00:46.018Z,amr-03,0.992,104.2,46.6
2026-09-03T14:00:47.005Z,amr-01,0.000,89.6,31.6
2026-09-03T14:00:47.012Z,amr-02,1.382,41.4,34.7
2026-09-03T14:00:47.018Z,amr-03,1.400,79.3,46.8
2026-09-03T14:00:48.031Z,amr-01,0.000,89.5,31.3
2026-09-03T14:00:48.035Z,amr-02,1.632,41.0,34.8
2026-09-03T14:00:48.037Z,amr-03,1.024,79.2,47.0
2026-09-03T14:00:49.046Z,amr-01,0.000,89.5,31.4
2026-09-03T14:00:49.014Z,amr-02,1.372,40.7,34.3
2026-09-03T14:00:49.032Z,amr-03,1.040,79.0,47.5
2026-09-03T14:00:50.008Z,amr-01,0.000,89.4,31.5
2026-09-03T14:00:50.024Z,amr-02,1.461,40.2,34.7
2026-09-03T14:00:50.022Z,amr-03,1.163,78.8,47.9
2026-09-03T14:00:51.017Z,amr-01,0.000,89.4,31.5
2026-09-03T14:00:51.028Z,amr-02,1.590,39.9,34.5
2026-09-03T14:00:51.020Z,amr-03,0.956,78.7,48.1
2026-09-03T14:00:52.003Z,amr-01,0.732,89.3,32.0
2026-09-03T14:00:52.025Z,amr-02,1.195,39.6,34.2
2026-09-03T14:00:52.013Z,amr-03,1.101,78.5,48.6
2026-09-03T14:00:53.047Z,amr-01,0.977,89.1,31.7
2026-09-03T14:00:53.001Z,amr-02,1.320,39.2,33.8
2026-09-03T14:00:53.029Z,amr-03,1.250,78.3,48.9
2026-09-03T14:00:54.041Z,amr-01,1.047,88.9,31.3
2026-09-03T14:00:54.005Z,amr-02,1.503,38.8,34.1
2026-09-03T14:00:54.047Z,amr-03,1.062,78.1,48.9
2026-09-03T14:00:55.022Z,amr-01,0.760,88.8,31.2
2026-09-03T14:00:55.011Z,amr-02,1.589,38.5,34.0
2026-09-03T14:00:55.006Z,amr-03,1.098,77.9,49.5
2026-09-03T14:00:56.005Z,amr-01,0.965,88.6,31.3
2026-09-03T14:00:56.019Z,amr-02,1.434,38.2,34.2
2026-09-03T14:00:56.015Z,amr-03,0.732,77.7,49.9
2026-09-03T14:00:57.044Z,amr-01,0.692,88.5,31.4
2026-09-03T14:00:57.048Z,amr-02,1.364,37.9,34.1
2026-09-03T14:00:57.024Z,amr-03,1.028,77.6,50.0
2026-09-03T14:00:58.033Z,amr-01,0.896,88.4,31.3
2026-09-03T14:00:58.016Z,amr-02,1.200,37.6,34.2
2026-09-03T14:00:58.039Z,amr-03,1.088,77.4,50.0
2026-09-03T14:00:59.048Z,amr-01,0.695,88.2,31.6
2026-09-03T14:00:59.011Z,amr-02,1.408,37.2,34.1
2026-09-03T14:00:59.024Z,amr-03,1.141,77.2,50.4
2026-09-03T14:01:00.033Z,amr-01,0.880,88.1,31.6
2026-09-03T14:01:00.010Z,amr-02,1.482,36.9,34.1
2026-09-03T14:01:00.003Z,amr-03,0.849,77.1,51.0
2026-09-03T14:01:01.036Z,amr-01,1.147,87.9,31.6
2026-09-03T14:01:01.009Z,amr-02,1.629,36.6,34.0
2026-09-03T14:01:01.033Z,amr-03,0.995,76.9,51.4
2026-09-03T14:01:02.008Z,amr-01,0.922,87.8,31.6
2026-09-03T14:01:02.047Z,amr-02,1.676,36.2,34.4
2026-09-03T14:01:02.017Z,amr-03,1.221,76.7,51.3
2026-09-03T14:01:03.002Z,amr-01,0.657,87.6,31.6
2026-09-03T14:01:03.009Z,amr-02,1.190,35.9,34.7
2026-09-03T14:01:03.020Z,amr-03,1.197,76.5,51.3
2026-09-03T14:01:04.001Z,amr-01,1.111,87.4,31.8
2026-09-03T14:01:04.037Z,amr-02,1.510,35.6,34.6
2026-09-03T14:01:04.047Z,amr-03,1.013,76.4,51.5
2026-09-03T14:01:05.015Z,amr-01,0.798,87.3,31.8
2026-09-03T14:01:05.045Z,amr-02,1.161,35.3,34.3
2026-09-03T14:01:05.011Z,amr-03,0.729,76.2,51.8
2026-09-03T14:01:06.019Z,amr-01,0.799,87.1,32.0
2026-09-03T14:01:06.046Z,amr-02,1.511,34.9,34.6
2026-09-03T14:01:06.041Z,amr-03,1.129,76.0,51.8
2026-09-03T14:01:07.015Z,amr-01,0.631,87.0,-273.2
2026-09-03T14:01:07.009Z,amr-02,1.402,34.6,34.5
2026-09-03T14:01:07.001Z,amr-03,0.974,75.8,52.1
2026-09-03T14:01:08.044Z,amr-01,0.917,86.9,32.2
2026-09-03T14:01:08.004Z,amr-02,1.164,34.3,34.5
2026-09-03T14:01:08.011Z,amr-03,0.919,75.7,52.5
2026-09-03T14:01:09.037Z,amr-01,0.927,86.7,32.0
2026-09-03T14:01:09.042Z,amr-02,1.347,34.0,34.8
2026-09-03T14:01:09.036Z,amr-03,1.135,75.5,52.9
2026-09-03T14:01:10.007Z,amr-01,0.947,86.6,31.8
2026-09-03T14:01:10.019Z,amr-02,1.578,33.6,34.8
2026-09-03T14:01:10.040Z,amr-03,0.837,75.4,52.7
2026-09-03T14:01:11.023Z,amr-01,0.921,86.4,31.4
2026-09-03T14:01:11.002Z,amr-02,1.380,33.3,34.9
2026-09-03T14:01:11.048Z,amr-03,0.800,75.2,52.7
2026-09-03T14:01:12.043Z,amr-01,0.690,86.3,31.5
2026-09-03T14:01:12.047Z,amr-02,1.559,32.9,35.1
2026-09-03T14:01:12.010Z,amr-03,1.044,75.1,53.1
2026-09-03T14:01:13.012Z,amr-01,0.623,86.2,31.3
2026-09-03T14:01:13.000Z,amr-02,1.295,32.6,35.3
2026-09-03T14:01:13.015Z,amr-03,1.177,74.9,53.7
2026-09-03T14:01:14.003Z,amr-01,0.921,86.0,31.4
2026-09-03T14:01:14.031Z,amr-02,1.475,32.2,35.4
2026-09-03T14:01:14.020Z,amr-03,1.073,74.7,54.2
2026-09-03T14:01:15.015Z,amr-01,0.671,85.9,31.3
2026-09-03T14:01:15.043Z,amr-02,1.543,31.9,35.4
2026-09-03T14:01:15.036Z,amr-03,1.105,74.5,54.5
2026-09-03T14:01:16.021Z,amr-01,0.866,85.7,31.1
2026-09-03T14:01:16.023Z,amr-02,1.414,31.5,35.5
2026-09-03T14:01:16.032Z,amr-03,1.155,74.3,54.7
2026-09-03T14:01:17.018Z,amr-01,0.716,85.6,31.1
2026-09-03T14:01:17.026Z,amr-02,1.464,31.2,35.5
2026-09-03T14:01:18.041Z,amr-03,1.197,74.1,55.0
2026-09-03T14:01:18.047Z,amr-01,0.970,85.4,31.1
2026-09-03T14:01:18.046Z,amr-02,1.152,30.9,35.8
2026-09-03T14:01:17.040Z,amr-03,1.241,73.9,55.5
2026-09-03T14:01:19.020Z,amr-01,0.960,85.3,30.8
2026-09-03T14:01:19.010Z,amr-02,1.254,30.6,35.9
2026-09-03T14:01:19.006Z,amr-03,1.104,73.7,56.1
2026-09-03T14:01:20.002Z,amr-01,0.567,85.2,30.6
2026-09-03T14:01:20.041Z,amr-02,1.550,30.2,36.1
2026-09-03T14:01:20.031Z,amr-03,1.046,73.5,56.6
2026-09-03T14:01:21.021Z,amr-01,0.712,85.0,30.4
2026-09-03T14:01:21.001Z,amr-02,1.272,29.9,36.0
2026-09-03T14:01:21.038Z,amr-03,1.131,73.4,56.7
2026-09-03T14:01:22.023Z,amr-01,0.862,84.9,30.5
2026-09-03T14:01:22.004Z,amr-02,1.233,29.6,36.1
2026-09-03T14:01:22.031Z,amr-03,1.312,73.1,57.1
2026-09-03T14:01:23.025Z,amr-01,0.967,84.7,30.6
2026-09-03T14:01:23.047Z,amr-02,1.594,29.1,36.4
2026-09-03T14:01:23.036Z,amr-03,1.139,72.9,57.3
2026-09-03T14:01:24.024Z,amr-01,1.122,84.6,30.5
2026-09-03T14:01:24.039Z,amr-02,1.450,28.8,36.4
2026-09-03T14:01:24.037Z,amr-03,1.273,72.7,58.0
2026-09-03T14:01:25.040Z,amr-01,0.910,84.4,30.6
2026-09-03T14:01:25.010Z,amr-02,1.386,28.5,36.6
2026-09-03T14:01:25.001Z,amr-03,1.137,72.5,58.4
2026-09-03T14:01:26.033Z,amr-01,0.872,84.2,30.6
2026-09-03T14:01:26.005Z,amr-02,1.191,28.2,36.6
2026-09-03T14:01:26.005Z,amr-02,1.191,28.2,36.6
2026-09-03T14:01:26.043Z,amr-03,0.914,72.4,58.5
2026-09-03T14:01:27.005Z,amr-01,1.011,84.0,30.5
2026-09-03T14:01:27.039Z,amr-02,1.358,27.8,37.2
2026-09-03T14:01:27.018Z,amr-03,1.115,72.2,58.6
2026-09-03T14:01:28.037Z,amr-01,1.065,83.9,30.7
2026-09-03T14:01:28.031Z,amr-02,1.598,27.4,37.2
2026-09-03T14:01:28.015Z,amr-03,1.139,72.0,58.9
2026-09-03T14:01:29.030Z,amr-01,0.636,83.7,30.7
2026-09-03T14:01:29.006Z,amr-02,1.431,27.1,37.5
2026-09-03T14:01:29.000Z,amr-03,1.056,71.8,59.3
2026-09-03T14:01:30.011Z,amr-01,0.627,83.6,30.6
2026-09-03T14:01:30.031Z,amr-02,1.320,26.7,37.5
2026-09-03T14:01:30.012Z,amr-03,1.140,71.7,59.6
2026-09-03T14:01:31.043Z,amr-01,0.831,83.5,30.4
2026-09-03T14:01:31.000Z,amr-02,1.282,26.4,37.3
2026-09-03T14:01:31.032Z,amr-03,0.769,71.5,60.0
2026-09-03T14:01:32.012Z,amr-01,0.837,83.3,30.3
2026-09-03T14:01:32.020Z,amr-02,1.404,26.0,37.4
2026-09-03T14:01:32.000Z,amr-03,0.761,71.4,60.2
2026-09-03T14:01:33.009Z,amr-01,0.661,83.2,30.2
2026-09-03T14:01:33.040Z,amr-02,1.459,25.7,37.6
2026-09-03T14:01:33.002Z,amr-03,1.301,71.2,60.2
2026-09-03T14:01:34.000Z,amr-01,0.939,83.0,29.9
2026-09-03T14:01:34.037Z,amr-02,1.297,25.4,37.6
2026-09-03T14:01:34.011Z,amr-03,1.232,70.9,60.6
2026-09-03T14:01:35.034Z,amr-01,0.933,82.9,29.6
2026-09-03T14:01:35.027Z,amr-02,1.157,25.1,37.8
2026-09-03T14:01:35.013Z,amr-03,0.856,70.8,60.4
2026-09-03T14:01:36.044Z,amr-01,0.916,82.7,29.7
2026-09-03T14:01:36.037Z,amr-02,1.634,24.7,37.7
2026-09-03T14:01:36.044Z,amr-03,1.047,70.6,60.9
2026-09-03T14:01:37.031Z,amr-01,0.722,82.6,29.4
2026-09-03T14:01:37.023Z,amr-02,1.524,24.3,37.5
2026-09-03T14:01:37.021Z,amr-03,1.069,70.4,60.9
2026-09-03T14:01:38.010Z,amr-01,0.757,82.4,29.3
2026-09-03T14:01:38.007Z,amr-02,1.470,23.9,37.5
2026-09-03T14:01:38.017Z,amr-03,1.123,70.3,61.2
2026-09-03T14:01:39.034Z,amr-01,0.645,82.3,29.1
2026-09-03T14:01:39.003Z,amr-02,1.280,23.5,37.4
2026-09-03T14:01:39.040Z,amr-03,1.143,70.1
2026-09-03T14:01:40.045Z,amr-01,0.867,82.1,29.0
2026-09-03T14:01:40.005Z,amr-02,1.684,23.0,37.5
2026-09-03T14:01:40.031Z,amr-03,1.196,69.9,61.5
2026-09-03T14:01:41.004Z,amr-01,1.006,82.0,29.2
2026-09-03T14:01:41.015Z,amr-02,1.373,22.7,37.5
2026-09-03T14:01:41.014Z,amr-03,1.069,69.7,61.6
2026-09-03T14:01:42.048Z,amr-01,0.507,81.9,29.2
2026-09-03T14:01:42.001Z,amr-02,1.263,22.4,37.7
2026-09-03T14:01:42.017Z,amr-03,1.048,69.6,61.6
2026-09-03T14:01:43.043Z,amr-01,1.034,81.7,29.4
2026-09-03T14:01:43.000Z,amr-02,1.475,21.9,38.0
2026-09-03T14:01:43.000Z,amr-03,0.926,69.4,61.9
2026-09-03T14:01:44.009Z,amr-01,0.662,81.6,29.4
2026-09-03T14:01:44.013Z,amr-02,1.515,21.6,38.0
2026-09-03T14:01:44.034Z,amr-03,1.028,69.2,62.2
2026-09-03T14:01:45.004Z,amr-01,0.855,81.4,29.1
2026-09-03T14:01:45.031Z,amr-02,1.306,21.3,38.1
2026-09-03T14:01:45.044Z,amr-03,1.369,69.0,62.7
2026-09-03T14:01:46.010Z,amr-01,0.773,81.3,29.5
2026-09-03T14:01:46.018Z,amr-02,1.482,20.9,38.1
2026-09-03T14:01:46.026Z,amr-03,1.107,68.8,62.6
2026-09-03T14:01:47.017Z,amr-01,ERR,81.1,29.6
2026-09-03T14:01:47.033Z,amr-02,1.395,20.6,38.0
2026-09-03T14:01:47.038Z,amr-03,1.032,68.7,62.9
2026-09-03T14:01:48.044Z,amr-01,0.807,81.0,29.7
2026-09-03T14:01:48.035Z,amr-02,1.448,20.3,37.9
2026-09-03T14:01:48.012Z,amr-03,1.016,68.5,63.4
2026-09-03T14:01:49.016Z,amr-01,0.952,80.8,30.2
2026-09-03T14:01:49.005Z,amr-02,1.468,19.9,37.9
2026-09-03T14:01:49.049Z,amr-03,1.168,68.3,63.4
2026-09-03T14:01:50.009Z,amr-01,0.754,80.7,30.1
2026-09-03T14:01:50.019Z,amr-02,1.548,19.5,37.9
2026-09-03T14:01:50.034Z,amr-03,0.888,68.2,63.6
2026-09-03T14:01:51.007Z,amr-01,0.679,80.5,30.0
2026-09-03T14:01:51.045Z,amr-02,1.223,19.1,38.1
2026-09-03T14:01:51.021Z,amr-03,1.132,68.0,64.2
2026-09-03T14:01:52.038Z,amr-01,0.709,80.4,29.6
2026-09-03T14:01:52.032Z,amr-02,1.275,18.8,38.1
2026-09-03T14:01:52.004Z,amr-03,0.871,67.8,64.7
2026-09-03T14:01:53.031Z,amr-01,0.800,80.3,29.8
2026-09-03T14:01:53.031Z,amr-02,1.211,18.4,38.3
2026-09-03T14:01:53.009Z,amr-03,0.953,67.6,64.7
2026-09-03T14:01:54.024Z,amr-01,0.841,80.1,29.8
2026-09-03T14:01:54.008Z,amr-02,1.471,18.1,37.9
2026-09-03T14:01:54.005Z,amr-03,0.933,67.5,64.8
2026-09-03T14:01:55.025Z,amr-01,0.619,80.0,29.5
2026-09-03T14:01:55.020Z,amr-02,1.498,17.7,37.8
2026-09-03T14:01:55.019Z,amr-03,1.106,67.3,65.0
2026-09-03T14:01:56.017Z,amr-01,0.913,79.8,29.5
2026-09-03T14:01:56.000Z,amr-02,1.263,17.3,37.9
2026-09-03T14:01:56.017Z,amr-03,1.090,67.1,65.4
2026-09-03T14:01:57.046Z,amr-01,0.696,79.7,29.5
2026-09-03T14:01:57.019Z,amr-02,1.419,16.9,38.1
2026-09-03T14:01:57.040Z,amr-03,0.988,66.9,65.5
2026-09-03T14:01:58.011Z,amr-01,0.936,79.5,29.5
2026-09-03T14:01:58.040Z,amr-02,1.468,16.6,37.9
2026-09-03T14:01:58.027Z,amr-03,1.301,66.7,66.1
2026-09-03T14:01:59.042Z,amr-01,0.784,79.4,29.6
2026-09-03T14:01:59.021Z,amr-02,1.404,16.2,37.9
2026-09-03T14:01:59.014Z,amr-03,1.104,66.5,66.6
